#datumDate,datumId,datumValue
2016-02-05,BASIS_SWAP/BASIS_SPREAD/3M/6M/USD/10Y,-0.0012390000
2016-02-05,BASIS_SWAP/BASIS_SPREAD/3M/6M/USD/12Y,-0.0012560000
2016-02-05,BASIS_SWAP/BASIS_SPREAD/3M/6M/USD/15Y,-0.0011990000
2016-02-05,BASIS_SWAP/BASIS_SPREAD/3M/6M/USD/20Y,-0.0012450000
2016-02-05,BASIS_SWAP/BASIS_SPREAD/3M/6M/USD/25Y,-0.0012190000
2016-02-05,BASIS_SWAP/BASIS_SPREAD/3M/6M/USD/2Y,-0.0015190000
2016-02-05,BASIS_SWAP/BASIS_SPREAD/3M/6M/USD/30Y,-0.0011930000
2016-02-05,BASIS_SWAP/BASIS_SPREAD/3M/6M/USD/3Y,-0.0013520000
2016-02-05,BASIS_SWAP/BASIS_SPREAD/3M/6M/USD/4Y,-0.0012940000
2016-02-05,BASIS_SWAP/BASIS_SPREAD/3M/6M/USD/5Y,-0.0012250000
2016-02-05,BASIS_SWAP/BASIS_SPREAD/3M/6M/USD/6Y,-0.0012390000
2016-02-05,BASIS_SWAP/BASIS_SPREAD/3M/6M/USD/7Y,-0.0010970000
2016-02-05,BASIS_SWAP/BASIS_SPREAD/3M/6M/USD/8Y,-0.0011200000
2016-02-05,BASIS_SWAP/BASIS_SPREAD/3M/6M/USD/9Y,-0.0012410000
2016-02-05,BASIS_SWAP/BASIS_SPREAD/6M/12M/EUR/10Y,-0.0013530000
2016-02-05,BASIS_SWAP/BASIS_SPREAD/6M/12M/EUR/11Y,-0.0013380000
2016-02-05,BASIS_SWAP/BASIS_SPREAD/6M/12M/EUR/12Y,-0.0012170000
2016-02-05,BASIS_SWAP/BASIS_SPREAD/6M/12M/EUR/15Y,-0.0011480000
2016-02-05,BASIS_SWAP/BASIS_SPREAD/6M/12M/EUR/20Y,-0.0009930000
2016-02-05,BASIS_SWAP/BASIS_SPREAD/6M/12M/EUR/25Y,-0.0009530000
2016-02-05,BASIS_SWAP/BASIS_SPREAD/6M/12M/EUR/2Y,-0.0016930000
2016-02-05,BASIS_SWAP/BASIS_SPREAD/6M/12M/EUR/30Y,-0.0007980000
2016-02-05,BASIS_SWAP/BASIS_SPREAD/6M/12M/EUR/3Y,-0.0017040000
2016-02-05,BASIS_SWAP/BASIS_SPREAD/6M/12M/EUR/4Y,-0.0016910000
2016-02-05,BASIS_SWAP/BASIS_SPREAD/6M/12M/EUR/5Y,-0.0016710000
2016-02-05,BASIS_SWAP/BASIS_SPREAD/6M/12M/EUR/6Y,-0.0017350000
2016-02-05,BASIS_SWAP/BASIS_SPREAD/6M/12M/EUR/8Y,-0.0014370000
2016-02-05,BASIS_SWAP/BASIS_SPREAD/6M/12M/EUR/9Y,-0.0015000000
2016-02-05,BASIS_SWAP/BASIS_SPREAD/6M/3M/GBP/10Y,0.0008930000
2016-02-05,BASIS_SWAP/BASIS_SPREAD/6M/3M/GBP/12Y,0.0009390000
2016-02-05,BASIS_SWAP/BASIS_SPREAD/6M/3M/GBP/15Y,0.0007080000
2016-02-05,BASIS_SWAP/BASIS_SPREAD/6M/3M/GBP/1Y,0.0010880000
2016-02-05,BASIS_SWAP/BASIS_SPREAD/6M/3M/GBP/20Y,0.0004100000
2016-02-05,BASIS_SWAP/BASIS_SPREAD/6M/3M/GBP/2Y,0.0011090000
2016-02-05,BASIS_SWAP/BASIS_SPREAD/6M/3M/GBP/30Y,0.0002520000
2016-02-05,BASIS_SWAP/BASIS_SPREAD/6M/3M/GBP/3Y,0.0010680000
2016-02-05,BASIS_SWAP/BASIS_SPREAD/6M/3M/GBP/40Y,0.0001660000
2016-02-05,BASIS_SWAP/BASIS_SPREAD/6M/3M/GBP/4Y,0.0011290000
2016-02-05,BASIS_SWAP/BASIS_SPREAD/6M/3M/GBP/50Y,0.0001400000
2016-02-05,BASIS_SWAP/BASIS_SPREAD/6M/3M/GBP/5Y,0.0009060000
2016-02-05,BASIS_SWAP/BASIS_SPREAD/6M/3M/GBP/60Y,0.0000880000
2016-02-05,BASIS_SWAP/BASIS_SPREAD/6M/3M/GBP/70Y,0.0001260000
2016-02-05,BASIS_SWAP/BASIS_SPREAD/6M/3M/GBP/7Y,0.0010610000
2016-02-05,BMA_SWAP/RATIO/USD/3M/10Y,0.8000000000
2016-02-05,BMA_SWAP/RATIO/USD/3M/12Y,0.8000000000
2016-02-05,BMA_SWAP/RATIO/USD/3M/15Y,0.8000000000
2016-02-05,BMA_SWAP/RATIO/USD/3M/1Y,0.8000000000
2016-02-05,BMA_SWAP/RATIO/USD/3M/20Y,0.8000000000
2016-02-05,BMA_SWAP/RATIO/USD/3M/25Y,0.8000000000
2016-02-05,BMA_SWAP/RATIO/USD/3M/2Y,0.8000000000
2016-02-05,BMA_SWAP/RATIO/USD/3M/30Y,0.8000000000
2016-02-05,BMA_SWAP/RATIO/USD/3M/3M,0.8000000000
2016-02-05,BMA_SWAP/RATIO/USD/3M/3Y,0.8000000000
2016-02-05,BMA_SWAP/RATIO/USD/3M/4Y,0.8000000000
2016-02-05,BMA_SWAP/RATIO/USD/3M/5Y,0.8000000000
2016-02-05,BMA_SWAP/RATIO/USD/3M/6Y,0.8000000000
2016-02-05,BMA_SWAP/RATIO/USD/3M/7Y,0.8000000000
2016-02-05,BMA_SWAP/RATIO/USD/3M/8Y,0.8000000000
2016-02-05,BMA_SWAP/RATIO/USD/3M/9Y,0.8000000000
2016-02-05,CC_BASIS_SWAP/BASIS_SPREAD/EUR/3M/GBP/3M/10Y,-0.0026830000
2016-02-05,CC_BASIS_SWAP/BASIS_SPREAD/EUR/3M/GBP/3M/15Y,-0.0018340000
2016-02-05,CC_BASIS_SWAP/BASIS_SPREAD/EUR/3M/GBP/3M/20Y,-0.0011850000
2016-02-05,CC_BASIS_SWAP/BASIS_SPREAD/EUR/3M/GBP/3M/2Y,-0.0027100000
2016-02-05,CC_BASIS_SWAP/BASIS_SPREAD/EUR/3M/GBP/3M/30Y,-0.0012960000
2016-02-05,CC_BASIS_SWAP/BASIS_SPREAD/EUR/3M/GBP/3M/3Y,-0.0030560000
2016-02-05,CC_BASIS_SWAP/BASIS_SPREAD/EUR/3M/GBP/3M/40Y,-0.0023650000
2016-02-05,CC_BASIS_SWAP/BASIS_SPREAD/EUR/3M/GBP/3M/4Y,-0.0032020000
2016-02-05,CC_BASIS_SWAP/BASIS_SPREAD/EUR/3M/GBP/3M/50Y,-0.0029790000
2016-02-05,CC_BASIS_SWAP/BASIS_SPREAD/EUR/3M/GBP/3M/5Y,-0.0033150000
2016-02-05,CC_BASIS_SWAP/BASIS_SPREAD/EUR/3M/GBP/3M/7Y,-0.0032530000
2016-02-05,CC_BASIS_SWAP/BASIS_SPREAD/USD/3M/EUR/3M/10Y,-0.0064320000
2016-02-05,CC_BASIS_SWAP/BASIS_SPREAD/USD/3M/EUR/3M/15Y,-0.0057610000
2016-02-05,CC_BASIS_SWAP/BASIS_SPREAD/USD/3M/EUR/3M/20Y,-0.0051160000
2016-02-05,CC_BASIS_SWAP/BASIS_SPREAD/USD/3M/EUR/3M/2Y,-0.0056540000
2016-02-05,CC_BASIS_SWAP/BASIS_SPREAD/USD/3M/EUR/3M/30Y,-0.0046070000
2016-02-05,CC_BASIS_SWAP/BASIS_SPREAD/USD/3M/EUR/3M/3Y,-0.0061010000
2016-02-05,CC_BASIS_SWAP/BASIS_SPREAD/USD/3M/EUR/3M/40Y,-0.0049580000
2016-02-05,CC_BASIS_SWAP/BASIS_SPREAD/USD/3M/EUR/3M/4Y,-0.0064870000
2016-02-05,CC_BASIS_SWAP/BASIS_SPREAD/USD/3M/EUR/3M/50Y,-0.0052080000
2016-02-05,CC_BASIS_SWAP/BASIS_SPREAD/USD/3M/EUR/3M/5Y,-0.0065360000
2016-02-05,CC_BASIS_SWAP/BASIS_SPREAD/USD/3M/EUR/3M/7Y,-0.0067260000
2016-02-05,CC_BASIS_SWAP/BASIS_SPREAD/USD/3M/GBP/3M/10Y,-0.0031670000
2016-02-05,CC_BASIS_SWAP/BASIS_SPREAD/USD/3M/GBP/3M/15Y,-0.0034310000
2016-02-05,CC_BASIS_SWAP/BASIS_SPREAD/USD/3M/GBP/3M/20Y,-0.0035020000
2016-02-05,CC_BASIS_SWAP/BASIS_SPREAD/USD/3M/GBP/3M/2Y,-0.0031080000
2016-02-05,CC_BASIS_SWAP/BASIS_SPREAD/USD/3M/GBP/3M/30Y,-0.0028360000
2016-02-05,CC_BASIS_SWAP/BASIS_SPREAD/USD/3M/GBP/3M/3Y,-0.0030360000
2016-02-05,CC_BASIS_SWAP/BASIS_SPREAD/USD/3M/GBP/3M/40Y,-0.0023130000
2016-02-05,CC_BASIS_SWAP/BASIS_SPREAD/USD/3M/GBP/3M/4Y,-0.0030660000
2016-02-05,CC_BASIS_SWAP/BASIS_SPREAD/USD/3M/GBP/3M/50Y,-0.0018340000
2016-02-05,CC_BASIS_SWAP/BASIS_SPREAD/USD/3M/GBP/3M/5Y,-0.0029750000
2016-02-05,CC_BASIS_SWAP/BASIS_SPREAD/USD/3M/GBP/3M/7Y,-0.0030060000
2016-02-05,CDS/CREDIT_SPREAD/BANK/SR/USD/10Y,0.0100000000
2016-02-05,CDS/CREDIT_SPREAD/BANK/SR/USD/1Y,0.0100000000
2016-02-05,CDS/CREDIT_SPREAD/BANK/SR/USD/2Y,0.0100000000
2016-02-05,CDS/CREDIT_SPREAD/BANK/SR/USD/3Y,0.0100000000
2016-02-05,CDS/CREDIT_SPREAD/BANK/SR/USD/4Y,0.0100000000
2016-02-05,CDS/CREDIT_SPREAD/BANK/SR/USD/5Y,0.0100000000
2016-02-05,CDS/CREDIT_SPREAD/BANK/SR/USD/7Y,0.0100000000
2016-02-05,FRA/RATE/EUR/1M/3M,-0.0012430000
2016-02-05,FRA/RATE/EUR/1Y/3M,-0.0021020000
2016-02-05,FRA/RATE/EUR/2M/3M,-0.0015810000
2016-02-05,FRA/RATE/EUR/3M/3M,-0.0017470000
2016-02-05,FRA/RATE/EUR/4M/3M,-0.0019310000
2016-02-05,FRA/RATE/EUR/5M/3M,-0.0020170000
2016-02-05,FRA/RATE/EUR/6M/3M,-0.0019320000
2016-02-05,FRA/RATE/EUR/9M/3M,-0.0022370000
2016-02-05,FRA/RATE/GBP/1M/6M,0.0083540000
2016-02-05,FRA/RATE/GBP/1Y/6M,0.0081130000
2016-02-05,FRA/RATE/GBP/2M/6M,0.0083750000
2016-02-05,FRA/RATE/GBP/3M/6M,0.0083270000
2016-02-05,FRA/RATE/GBP/4M/6M,0.0081920000
2016-02-05,FRA/RATE/GBP/5M/6M,0.0081390000
2016-02-05,FRA/RATE/GBP/6M/6M,0.0081970000
2016-02-05,FRA/RATE/USD/1Y/3M,0.0095940000
2016-02-05,FRA/RATE/USD/1Y/6M,0.0097810000
2016-02-05,FRA/RATE/USD/3M/3M,0.0081320000
2016-02-05,FRA/RATE/USD/6M/3M,0.0085800000
2016-02-05,FRA/RATE/USD/6M/6M,0.0096300000
2016-02-05,FRA/RATE/USD/9M/3M,0.0091410000
2016-02-05,FX/RATE/EUR/GBP,0.8119380000
2016-02-05,FX/RATE/EUR/USD,1.1323370000
2016-02-05,FX/RATE/GBP/USD,1.3946101796
2016-02-05,FXFWD/RATE/EUR/GBP/12M,82.8581592600
2016-02-05,FXFWD/RATE/EUR/GBP/3M,19.1998325600
2016-02-05,FXFWD/RATE/EUR/GBP/6M,39.3411061500
2016-02-05,FXFWD/RATE/EUR/GBP/9M,60.6698938400
2016-02-05,FXFWD/RATE/EUR/USD/12M,149.7645805600
2016-02-05,FXFWD/RATE/EUR/USD/3M,30.1174184300
2016-02-05,FXFWD/RATE/EUR/USD/6M,66.6310624800
2016-02-05,FXFWD/RATE/EUR/USD/9M,106.8627422400
2016-02-05,FXFWD/RATE/USD/GBP/1Y,82.8581592600
2016-02-05,FXFWD/RATE/USD/GBP/3M,19.1998325600
2016-02-05,FXFWD/RATE/USD/GBP/6M,39.3411061500
2016-02-05,FXFWD/RATE/USD/GBP/9M,60.6698938400
2016-02-05,FX_OPTION/RATE_LNVOL/EUR/GBP/10Y/ATM,0.1322770000
2016-02-05,FX_OPTION/RATE_LNVOL/EUR/GBP/1M/ATM,0.1233600000
2016-02-05,FX_OPTION/RATE_LNVOL/EUR/GBP/1Y/ATM,0.1297750000
2016-02-05,FX_OPTION/RATE_LNVOL/EUR/GBP/2Y/ATM,0.1292300000
2016-02-05,FX_OPTION/RATE_LNVOL/EUR/GBP/3M/ATM,0.1215710000
2016-02-05,FX_OPTION/RATE_LNVOL/EUR/GBP/5Y/ATM,0.1314580000
2016-02-05,FX_OPTION/RATE_LNVOL/EUR/GBP/6M/ATM,0.1351320000
2016-02-05,FX_OPTION/RATE_LNVOL/EUR/USD/10Y/ATM,0.1362800000
2016-02-05,FX_OPTION/RATE_LNVOL/EUR/USD/1M/ATM,0.1216990000
2016-02-05,FX_OPTION/RATE_LNVOL/EUR/USD/1Y/ATM,0.1208250000
2016-02-05,FX_OPTION/RATE_LNVOL/EUR/USD/2Y/ATM,0.1204650000
2016-02-05,FX_OPTION/RATE_LNVOL/EUR/USD/3M/ATM,0.1155890000
2016-02-05,FX_OPTION/RATE_LNVOL/EUR/USD/3Y/ATM,0.1229930000
2016-02-05,FX_OPTION/RATE_LNVOL/EUR/USD/6M/ATM,0.1219820000
2016-02-05,FX_OPTION/RATE_LNVOL/GBP/USD/10Y/ATM,0.1000000000
2016-02-05,FX_OPTION/RATE_LNVOL/GBP/USD/1M/ATM,0.1000000000
2016-02-05,FX_OPTION/RATE_LNVOL/GBP/USD/1Y/ATM,0.1000000000
2016-02-05,FX_OPTION/RATE_LNVOL/GBP/USD/2Y/ATM,0.1000000000
2016-02-05,FX_OPTION/RATE_LNVOL/GBP/USD/3M/ATM,0.1000000000
2016-02-05,FX_OPTION/RATE_LNVOL/GBP/USD/3Y/ATM,0.1000000000
2016-02-05,FX_OPTION/RATE_LNVOL/GBP/USD/4Y/ATM,0.1000000000
2016-02-05,FX_OPTION/RATE_LNVOL/GBP/USD/5Y/ATM,0.1000000000
2016-02-05,FX_OPTION/RATE_LNVOL/GBP/USD/6M/ATM,0.1000000000
2016-02-05,HAZARD_RATE/RATE/CPTY_A/SR/USD/0Y,0.0100000000
2016-02-05,HAZARD_RATE/RATE/CPTY_A/SR/USD/10Y,0.0100000000
2016-02-05,HAZARD_RATE/RATE/CPTY_A/SR/USD/15Y,0.0100000000
2016-02-05,HAZARD_RATE/RATE/CPTY_A/SR/USD/1Y,0.0100000000
2016-02-05,HAZARD_RATE/RATE/CPTY_A/SR/USD/20Y,0.0100000000
2016-02-05,HAZARD_RATE/RATE/CPTY_A/SR/USD/2Y,0.0100000000
2016-02-05,HAZARD_RATE/RATE/CPTY_A/SR/USD/30Y,0.0100000000
2016-02-05,HAZARD_RATE/RATE/CPTY_A/SR/USD/3Y,0.0100000000
2016-02-05,HAZARD_RATE/RATE/CPTY_A/SR/USD/4Y,0.0100000000
2016-02-05,HAZARD_RATE/RATE/CPTY_A/SR/USD/5Y,0.0100000000
2016-02-05,HAZARD_RATE/RATE/CPTY_A/SR/USD/7Y,0.0100000000
2016-02-05,IR_SWAP/RATE/EUR/2D/1D/10M,-0.0031130000
2016-02-05,IR_SWAP/RATE/EUR/2D/1D/10Y,0.0038850000
2016-02-05,IR_SWAP/RATE/EUR/2D/1D/11M,-0.0031420000
2016-02-05,IR_SWAP/RATE/EUR/2D/1D/12Y,0.0055340000
2016-02-05,IR_SWAP/RATE/EUR/2D/1D/15Y,0.0073640000
2016-02-05,IR_SWAP/RATE/EUR/2D/1D/1M,-0.0018100000
2016-02-05,IR_SWAP/RATE/EUR/2D/1D/1W,-0.0011700000
2016-02-05,IR_SWAP/RATE/EUR/2D/1D/1Y,-0.0031340000
2016-02-05,IR_SWAP/RATE/EUR/2D/1D/1Y3M,-0.0033150000
2016-02-05,IR_SWAP/RATE/EUR/2D/1D/1Y6M,-0.0033270000
2016-02-05,IR_SWAP/RATE/EUR/2D/1D/1Y9M,-0.0033560000
2016-02-05,IR_SWAP/RATE/EUR/2D/1D/20Y,0.0088990000
2016-02-05,IR_SWAP/RATE/EUR/2D/1D/25Y,0.0094180000
2016-02-05,IR_SWAP/RATE/EUR/2D/1D/2M,-0.0020860000
2016-02-05,IR_SWAP/RATE/EUR/2D/1D/2W,-0.0012480000
2016-02-05,IR_SWAP/RATE/EUR/2D/1D/2Y,-0.0034650000
2016-02-05,IR_SWAP/RATE/EUR/2D/1D/30Y,0.0096920000
2016-02-05,IR_SWAP/RATE/EUR/2D/1D/3M,-0.0023430000
2016-02-05,IR_SWAP/RATE/EUR/2D/1D/3Y,-0.0030950000
2016-02-05,IR_SWAP/RATE/EUR/2D/1D/4M,-0.0024560000
2016-02-05,IR_SWAP/RATE/EUR/2D/1D/4Y,-0.0024820000
2016-02-05,IR_SWAP/RATE/EUR/2D/1D/5M,-0.0026930000
2016-02-05,IR_SWAP/RATE/EUR/2D/1D/5Y,-0.0017450000
2016-02-05,IR_SWAP/RATE/EUR/2D/1D/6M,-0.0025790000
2016-02-05,IR_SWAP/RATE/EUR/2D/1D/6Y,-0.0006630000
2016-02-05,IR_SWAP/RATE/EUR/2D/1D/7M,-0.0027990000
2016-02-05,IR_SWAP/RATE/EUR/2D/1D/7Y,0.0005060000
2016-02-05,IR_SWAP/RATE/EUR/2D/1D/8M,-0.0028350000
2016-02-05,IR_SWAP/RATE/EUR/2D/1D/8Y,0.0016680000
2016-02-05,IR_SWAP/RATE/EUR/2D/1D/9M,-0.0030600000
2016-02-05,IR_SWAP/RATE/EUR/2D/1D/9Y,0.0027920000
2016-02-05,IR_SWAP/RATE/EUR/2D/1M/10M,-0.0028860000
2016-02-05,IR_SWAP/RATE/EUR/2D/1M/10Y,0.0040930000
2016-02-05,IR_SWAP/RATE/EUR/2D/1M/11M,-0.0029830000
2016-02-05,IR_SWAP/RATE/EUR/2D/1M/12Y,0.0058030000
2016-02-05,IR_SWAP/RATE/EUR/2D/1M/15Y,0.0076150000
2016-02-05,IR_SWAP/RATE/EUR/2D/1M/1Y,-0.0030830000
2016-02-05,IR_SWAP/RATE/EUR/2D/1M/20Y,0.0092580000
2016-02-05,IR_SWAP/RATE/EUR/2D/1M/25Y,0.0098570000
2016-02-05,IR_SWAP/RATE/EUR/2D/1M/2M,-0.0018980000
2016-02-05,IR_SWAP/RATE/EUR/2D/1M/2Y,-0.0033630000
2016-02-05,IR_SWAP/RATE/EUR/2D/1M/30Y,0.0100280000
2016-02-05,IR_SWAP/RATE/EUR/2D/1M/3M,-0.0019770000
2016-02-05,IR_SWAP/RATE/EUR/2D/1M/3Y,-0.0031460000
2016-02-05,IR_SWAP/RATE/EUR/2D/1M/4M,-0.0022870000
2016-02-05,IR_SWAP/RATE/EUR/2D/1M/4Y,-0.0024060000
2016-02-05,IR_SWAP/RATE/EUR/2D/1M/5M,-0.0023820000
2016-02-05,IR_SWAP/RATE/EUR/2D/1M/5Y,-0.0015580000
2016-02-05,IR_SWAP/RATE/EUR/2D/1M/6M,-0.0025500000
2016-02-05,IR_SWAP/RATE/EUR/2D/1M/6Y,-0.0005930000
2016-02-05,IR_SWAP/RATE/EUR/2D/1M/7M,-0.0026160000
2016-02-05,IR_SWAP/RATE/EUR/2D/1M/7Y,0.0006660000
2016-02-05,IR_SWAP/RATE/EUR/2D/1M/8M,-0.0027050000
2016-02-05,IR_SWAP/RATE/EUR/2D/1M/8Y,0.0020070000
2016-02-05,IR_SWAP/RATE/EUR/2D/1M/9M,-0.0027340000
2016-02-05,IR_SWAP/RATE/EUR/2D/1M/9Y,0.0029930000
2016-02-05,IR_SWAP/RATE/EUR/2D/3M/10Y,0.0056940000
2016-02-05,IR_SWAP/RATE/EUR/2D/3M/12Y,0.0073920000
2016-02-05,IR_SWAP/RATE/EUR/2D/3M/15Y,0.0092150000
2016-02-05,IR_SWAP/RATE/EUR/2D/3M/20Y,0.0104030000
2016-02-05,IR_SWAP/RATE/EUR/2D/3M/25Y,0.0109610000
2016-02-05,IR_SWAP/RATE/EUR/2D/3M/2Y,-0.0018080000
2016-02-05,IR_SWAP/RATE/EUR/2D/3M/3Y,-0.0014690000
2016-02-05,IR_SWAP/RATE/EUR/2D/3M/40Y,0.0108280000
2016-02-05,IR_SWAP/RATE/EUR/2D/3M/4Y,-0.0007820000
2016-02-05,IR_SWAP/RATE/EUR/2D/3M/50Y,0.0102810000
2016-02-05,IR_SWAP/RATE/EUR/2D/3M/5Y,0.0001030000
2016-02-05,IR_SWAP/RATE/EUR/2D/3M/6Y,0.0011330000
2016-02-05,IR_SWAP/RATE/EUR/2D/3M/7Y,0.0022330000
2016-02-05,IR_SWAP/RATE/EUR/2D/3M/8Y,0.0035950000
2016-02-05,IR_SWAP/RATE/EUR/2D/3M/9Y,0.0045560000
2016-02-05,IR_SWAP/RATE/EUR/2D/6M/10Y,0.0069480000
2016-02-05,IR_SWAP/RATE/EUR/2D/6M/12Y,0.0083240000
2016-02-05,IR_SWAP/RATE/EUR/2D/6M/15Y,0.0099590000
2016-02-05,IR_SWAP/RATE/EUR/2D/6M/20Y,0.0112440000
2016-02-05,IR_SWAP/RATE/EUR/2D/6M/25Y,0.0116010000
2016-02-05,IR_SWAP/RATE/EUR/2D/6M/2Y,-0.0004660000
2016-02-05,IR_SWAP/RATE/EUR/2D/6M/30Y,0.0115480000
2016-02-05,IR_SWAP/RATE/EUR/2D/6M/3Y,-0.0001560000
2016-02-05,IR_SWAP/RATE/EUR/2D/6M/40Y,0.0114140000
2016-02-05,IR_SWAP/RATE/EUR/2D/6M/4Y,0.0006300000
2016-02-05,IR_SWAP/RATE/EUR/2D/6M/50Y,0.0108410000
2016-02-05,IR_SWAP/RATE/EUR/2D/6M/5Y,0.0015220000
2016-02-05,IR_SWAP/RATE/EUR/2D/6M/7Y,0.0036890000
2016-02-05,IR_SWAP/RATE/GBP/0D/1D/10M,0.0050310000
2016-02-05,IR_SWAP/RATE/GBP/0D/1D/10Y,0.0105620000
2016-02-05,IR_SWAP/RATE/GBP/0D/1D/11M,0.0052070000
2016-02-05,IR_SWAP/RATE/GBP/0D/1D/12M,0.0049260000
2016-02-05,IR_SWAP/RATE/GBP/0D/1D/15Y,0.0131540000
2016-02-05,IR_SWAP/RATE/GBP/0D/1D/1M,0.0057290000
2016-02-05,IR_SWAP/RATE/GBP/0D/1D/1W,0.0058210000
2016-02-05,IR_SWAP/RATE/GBP/0D/1D/20Y,0.0140390000
2016-02-05,IR_SWAP/RATE/GBP/0D/1D/25Y,0.0143850000
2016-02-05,IR_SWAP/RATE/GBP/0D/1D/2M,0.0056270000
2016-02-05,IR_SWAP/RATE/GBP/0D/1D/2W,0.0056760000
2016-02-05,IR_SWAP/RATE/GBP/0D/1D/2Y,0.0046670000
2016-02-05,IR_SWAP/RATE/GBP/0D/1D/30Y,0.0144440000
2016-02-05,IR_SWAP/RATE/GBP/0D/1D/3M,0.0056630000
2016-02-05,IR_SWAP/RATE/GBP/0D/1D/3Y,0.0049820000
2016-02-05,IR_SWAP/RATE/GBP/0D/1D/40Y,0.0138580000
2016-02-05,IR_SWAP/RATE/GBP/0D/1D/4M,0.0055240000
2016-02-05,IR_SWAP/RATE/GBP/0D/1D/4Y,0.0054110000
2016-02-05,IR_SWAP/RATE/GBP/0D/1D/50Y,0.0134200000
2016-02-05,IR_SWAP/RATE/GBP/0D/1D/5M,0.0055250000
2016-02-05,IR_SWAP/RATE/GBP/0D/1D/5Y,0.0061800000
2016-02-05,IR_SWAP/RATE/GBP/0D/1D/6M,0.0054510000
2016-02-05,IR_SWAP/RATE/GBP/0D/1D/6Y,0.0070480000
2016-02-05,IR_SWAP/RATE/GBP/0D/1D/7M,0.0054350000
2016-02-05,IR_SWAP/RATE/GBP/0D/1D/7Y,0.0080190000
2016-02-05,IR_SWAP/RATE/GBP/0D/1D/8M,0.0053700000
2016-02-05,IR_SWAP/RATE/GBP/0D/1D/8Y,0.0090470000
2016-02-05,IR_SWAP/RATE/GBP/0D/1D/9M,0.0052370000
2016-02-05,IR_SWAP/RATE/GBP/0D/1D/9Y,0.0098990000
2016-02-05,IR_SWAP/RATE/GBP/0D/6M/10Y,0.0144860000
2016-02-05,IR_SWAP/RATE/GBP/0D/6M/12Y,0.0154630000
2016-02-05,IR_SWAP/RATE/GBP/0D/6M/15Y,0.0163590000
2016-02-05,IR_SWAP/RATE/GBP/0D/6M/20Y,0.0169880000
2016-02-05,IR_SWAP/RATE/GBP/0D/6M/25Y,0.0168090000
2016-02-05,IR_SWAP/RATE/GBP/0D/6M/2Y,0.0082660000
2016-02-05,IR_SWAP/RATE/GBP/0D/6M/30Y,0.0168860000
2016-02-05,IR_SWAP/RATE/GBP/0D/6M/3Y,0.0086860000
2016-02-05,IR_SWAP/RATE/GBP/0D/6M/4Y,0.0093240000
2016-02-05,IR_SWAP/RATE/GBP/0D/6M/5Y,0.0100230000
2016-02-05,IR_SWAP/RATE/GBP/0D/6M/6Y,0.0109660000
2016-02-05,IR_SWAP/RATE/GBP/0D/6M/7Y,0.0119670000
2016-02-05,IR_SWAP/RATE/GBP/0D/6M/8Y,0.0129250000
2016-02-05,IR_SWAP/RATE/GBP/0D/6M/9Y,0.0137840000
2016-02-05,IR_SWAP/RATE/USD/2D/1D/10Y,0.0133180000
2016-02-05,IR_SWAP/RATE/USD/2D/1D/12Y,0.0145900000
2016-02-05,IR_SWAP/RATE/USD/2D/1D/15Y,0.0160290000
2016-02-05,IR_SWAP/RATE/USD/2D/1D/1M,0.0044580000
2016-02-05,IR_SWAP/RATE/USD/2D/1D/1Y,0.0056140000
2016-02-05,IR_SWAP/RATE/USD/2D/1D/1Y3M,0.0058570000
2016-02-05,IR_SWAP/RATE/USD/2D/1D/1Y6M,0.0060540000
2016-02-05,IR_SWAP/RATE/USD/2D/1D/1Y9M,0.0060970000
2016-02-05,IR_SWAP/RATE/USD/2D/1D/20Y,0.0173400000
2016-02-05,IR_SWAP/RATE/USD/2D/1D/25Y,0.0180400000
2016-02-05,IR_SWAP/RATE/USD/2D/1D/2Y,0.0064330000
2016-02-05,IR_SWAP/RATE/USD/2D/1D/30Y,0.0183260000
2016-02-05,IR_SWAP/RATE/USD/2D/1D/3M,0.0048510000
2016-02-05,IR_SWAP/RATE/USD/2D/1D/3Y,0.0071010000
2016-02-05,IR_SWAP/RATE/USD/2D/1D/4Y,0.0082640000
2016-02-05,IR_SWAP/RATE/USD/2D/1D/5Y,0.0092690000
2016-02-05,IR_SWAP/RATE/USD/2D/1D/6M,0.0052370000
2016-02-05,IR_SWAP/RATE/USD/2D/1D/7Y,0.0110350000
2016-02-05,IR_SWAP/RATE/USD/2D/1D/9M,0.0054710000
2016-02-05,IR_SWAP/RATE/USD/2D/3M/10Y,0.0168050000
2016-02-05,IR_SWAP/RATE/USD/2D/3M/12Y,0.0180380000
2016-02-05,IR_SWAP/RATE/USD/2D/3M/15Y,0.0193230000
2016-02-05,IR_SWAP/RATE/USD/2D/3M/20Y,0.0206660000
2016-02-05,IR_SWAP/RATE/USD/2D/3M/25Y,0.0212960000
2016-02-05,IR_SWAP/RATE/USD/2D/3M/2Y,0.0092680000
2016-02-05,IR_SWAP/RATE/USD/2D/3M/30Y,0.0217450000
2016-02-05,IR_SWAP/RATE/USD/2D/3M/3Y,0.0102440000
2016-02-05,IR_SWAP/RATE/USD/2D/3M/4Y,0.0113070000
2016-02-05,IR_SWAP/RATE/USD/2D/3M/5Y,0.0124040000
2016-02-05,IR_SWAP/RATE/USD/2D/3M/6Y,0.0135020000
2016-02-05,IR_SWAP/RATE/USD/2D/3M/7Y,0.0143570000
2016-02-05,IR_SWAP/RATE/USD/2D/3M/8Y,0.0151810000
2016-02-05,IR_SWAP/RATE/USD/2D/3M/9Y,0.0160630000
2016-02-05,MM/RATE/EUR/0D/1D,-0.0011220000
2016-02-05,MM/RATE/EUR/2D/10M,0.0003110000
2016-02-05,MM/RATE/EUR/2D/11M,0.0003200000
2016-02-05,MM/RATE/EUR/2D/1M,-0.0003570000
2016-02-05,MM/RATE/EUR/2D/1W,-0.0005560000
2016-02-05,MM/RATE/EUR/2D/1Y,0.0003340000
2016-02-05,MM/RATE/EUR/2D/2M,-0.0002250000
2016-02-05,MM/RATE/EUR/2D/3M,-0.0001230000
2016-02-05,MM/RATE/EUR/2D/4M,0.0000470000
2016-02-05,MM/RATE/EUR/2D/5M,0.0002410000
2016-02-05,MM/RATE/EUR/2D/6M,0.0002460000
2016-02-05,MM/RATE/EUR/2D/7M,0.0002590000
2016-02-05,MM/RATE/EUR/2D/8M,0.0002710000
2016-02-05,MM/RATE/EUR/2D/9M,0.0002940000
2016-02-05,MM/RATE/GBP/0D/1M,0.0059310000
2016-02-05,MM/RATE/GBP/0D/1W,0.0059840000
2016-02-05,MM/RATE/GBP/0D/2M,0.0067440000
2016-02-05,MM/RATE/GBP/0D/3M,0.0067190000
2016-02-05,MM/RATE/GBP/0D/6M,0.0089460000
2016-02-05,MM/RATE/USD/0D/1D,0.0044800000
2016-02-05,MM/RATE/USD/2D/1M,0.0074110000
2016-02-05,MM/RATE/USD/2D/1W,0.0058090000
2016-02-05,MM/RATE/USD/2D/2M,0.0094220000
2016-02-05,MM/RATE/USD/2D/3M,0.0079610000
2016-02-05,MM/RATE/USD/2D/6M,0.0080470000
2016-02-05,RECOVERY_RATE/RATE/BANK/SR/USD,0.4000000000
2016-02-05,RECOVERY_RATE/RATE/CPTY_A/SR/USD,0.4000000000
2016-02-05,SWAPTION/RATE_LNVOL/GBP/10Y/10Y/ATM,0.4067720000
2016-02-05,SWAPTION/RATE_LNVOL/GBP/10Y/15Y/ATM,0.4092800000
2016-02-05,SWAPTION/RATE_LNVOL/GBP/10Y/1Y/ATM,0.4672460000
2016-02-05,SWAPTION/RATE_LNVOL/GBP/10Y/20Y/ATM,0.4313170000
2016-02-05,SWAPTION/RATE_LNVOL/GBP/10Y/25Y/ATM,0.4350520000
2016-02-05,SWAPTION/RATE_LNVOL/GBP/10Y/2Y/ATM,0.4282970000
2016-02-05,SWAPTION/RATE_LNVOL/GBP/10Y/30Y/ATM,0.4435030000
2016-02-05,SWAPTION/RATE_LNVOL/GBP/10Y/3Y/ATM,0.4179430000
2016-02-05,SWAPTION/RATE_LNVOL/GBP/10Y/4Y/ATM,0.4095630000
2016-02-05,SWAPTION/RATE_LNVOL/GBP/10Y/5Y/ATM,0.4072530000
2016-02-05,SWAPTION/RATE_LNVOL/GBP/10Y/7Y/ATM,0.4041420000
2016-02-05,SWAPTION/RATE_LNVOL/GBP/15Y/10Y/ATM,0.4186730000
2016-02-05,SWAPTION/RATE_LNVOL/GBP/15Y/15Y/ATM,0.4103810000
2016-02-05,SWAPTION/RATE_LNVOL/GBP/15Y/1Y/ATM,0.4460730000
2016-02-05,SWAPTION/RATE_LNVOL/GBP/15Y/20Y/ATM,0.4395560000
2016-02-05,SWAPTION/RATE_LNVOL/GBP/15Y/25Y/ATM,0.4361060000
2016-02-05,SWAPTION/RATE_LNVOL/GBP/15Y/2Y/ATM,0.4320370000
2016-02-05,SWAPTION/RATE_LNVOL/GBP/15Y/30Y/ATM,0.4334030000
2016-02-05,SWAPTION/RATE_LNVOL/GBP/15Y/3Y/ATM,0.4248680000
2016-02-05,SWAPTION/RATE_LNVOL/GBP/15Y/4Y/ATM,0.4166910000
2016-02-05,SWAPTION/RATE_LNVOL/GBP/15Y/5Y/ATM,0.4080010000
2016-02-05,SWAPTION/RATE_LNVOL/GBP/15Y/7Y/ATM,0.4170470000
2016-02-05,SWAPTION/RATE_LNVOL/GBP/1M/10Y/ATM,0.6424490000
2016-02-05,SWAPTION/RATE_LNVOL/GBP/1M/15Y/ATM,0.5452650000
2016-02-05,SWAPTION/RATE_LNVOL/GBP/1M/1Y/ATM,0.4680060000
2016-02-05,SWAPTION/RATE_LNVOL/GBP/1M/20Y/ATM,0.5122650000
2016-02-05,SWAPTION/RATE_LNVOL/GBP/1M/25Y/ATM,0.5199840000
2016-02-05,SWAPTION/RATE_LNVOL/GBP/1M/2Y/ATM,0.6428610000
2016-02-05,SWAPTION/RATE_LNVOL/GBP/1M/30Y/ATM,0.5191120000
2016-02-05,SWAPTION/RATE_LNVOL/GBP/1M/3Y/ATM,0.8021190000
2016-02-05,SWAPTION/RATE_LNVOL/GBP/1M/4Y/ATM,0.8784750000
2016-02-05,SWAPTION/RATE_LNVOL/GBP/1M/5Y/ATM,0.8808720000
2016-02-05,SWAPTION/RATE_LNVOL/GBP/1M/7Y/ATM,0.7561550000
2016-02-05,SWAPTION/RATE_LNVOL/GBP/1Y/10Y/ATM,0.6382720000
2016-02-05,SWAPTION/RATE_LNVOL/GBP/1Y/15Y/ATM,0.5573270000
2016-02-05,SWAPTION/RATE_LNVOL/GBP/1Y/1Y/ATM,1.0930200000
2016-02-05,SWAPTION/RATE_LNVOL/GBP/1Y/20Y/ATM,0.5344870000
2016-02-05,SWAPTION/RATE_LNVOL/GBP/1Y/25Y/ATM,0.5294550000
2016-02-05,SWAPTION/RATE_LNVOL/GBP/1Y/2Y/ATM,0.9595700000
2016-02-05,SWAPTION/RATE_LNVOL/GBP/1Y/30Y/ATM,0.5458430000
2016-02-05,SWAPTION/RATE_LNVOL/GBP/1Y/3Y/ATM,0.9530610000
2016-02-05,SWAPTION/RATE_LNVOL/GBP/1Y/4Y/ATM,0.9076240000
2016-02-05,SWAPTION/RATE_LNVOL/GBP/1Y/5Y/ATM,0.8525410000
2016-02-05,SWAPTION/RATE_LNVOL/GBP/1Y/7Y/ATM,0.7279320000
2016-02-05,SWAPTION/RATE_LNVOL/GBP/20Y/10Y/ATM,0.4325800000
2016-02-05,SWAPTION/RATE_LNVOL/GBP/20Y/15Y/ATM,0.4287200000
2016-02-05,SWAPTION/RATE_LNVOL/GBP/20Y/1Y/ATM,0.5345240000
2016-02-05,SWAPTION/RATE_LNVOL/GBP/20Y/20Y/ATM,0.4292320000
2016-02-05,SWAPTION/RATE_LNVOL/GBP/20Y/25Y/ATM,0.4461300000
2016-02-05,SWAPTION/RATE_LNVOL/GBP/20Y/2Y/ATM,0.4880390000
2016-02-05,SWAPTION/RATE_LNVOL/GBP/20Y/30Y/ATM,0.4271650000
2016-02-05,SWAPTION/RATE_LNVOL/GBP/20Y/3Y/ATM,0.4774360000
2016-02-05,SWAPTION/RATE_LNVOL/GBP/20Y/4Y/ATM,0.4654740000
2016-02-05,SWAPTION/RATE_LNVOL/GBP/20Y/5Y/ATM,0.4494620000
2016-02-05,SWAPTION/RATE_LNVOL/GBP/20Y/7Y/ATM,0.4423850000
2016-02-05,SWAPTION/RATE_LNVOL/GBP/25Y/10Y/ATM,0.4590710000
2016-02-05,SWAPTION/RATE_LNVOL/GBP/25Y/15Y/ATM,0.4599420000
2016-02-05,SWAPTION/RATE_LNVOL/GBP/25Y/1Y/ATM,0.5254240000
2016-02-05,SWAPTION/RATE_LNVOL/GBP/25Y/20Y/ATM,0.4695290000
2016-02-05,SWAPTION/RATE_LNVOL/GBP/25Y/25Y/ATM,0.4376380000
2016-02-05,SWAPTION/RATE_LNVOL/GBP/25Y/2Y/ATM,0.5013960000
2016-02-05,SWAPTION/RATE_LNVOL/GBP/25Y/30Y/ATM,0.4021430000
2016-02-05,SWAPTION/RATE_LNVOL/GBP/25Y/3Y/ATM,0.4812990000
2016-02-05,SWAPTION/RATE_LNVOL/GBP/25Y/4Y/ATM,0.4622660000
2016-02-05,SWAPTION/RATE_LNVOL/GBP/25Y/5Y/ATM,0.4477520000
2016-02-05,SWAPTION/RATE_LNVOL/GBP/25Y/7Y/ATM,0.4529610000
2016-02-05,SWAPTION/RATE_LNVOL/GBP/2Y/10Y/ATM,0.5839090000
2016-02-05,SWAPTION/RATE_LNVOL/GBP/2Y/15Y/ATM,0.5259440000
2016-02-05,SWAPTION/RATE_LNVOL/GBP/2Y/1Y/ATM,1.2606860000
2016-02-05,SWAPTION/RATE_LNVOL/GBP/2Y/20Y/ATM,0.5132820000
2016-02-05,SWAPTION/RATE_LNVOL/GBP/2Y/25Y/ATM,0.5126120000
2016-02-05,SWAPTION/RATE_LNVOL/GBP/2Y/2Y/ATM,0.9685530000
2016-02-05,SWAPTION/RATE_LNVOL/GBP/2Y/30Y/ATM,0.5309630000
2016-02-05,SWAPTION/RATE_LNVOL/GBP/2Y/3Y/ATM,0.9009770000
2016-02-05,SWAPTION/RATE_LNVOL/GBP/2Y/4Y/ATM,0.8200650000
2016-02-05,SWAPTION/RATE_LNVOL/GBP/2Y/5Y/ATM,0.7596160000
2016-02-05,SWAPTION/RATE_LNVOL/GBP/2Y/7Y/ATM,0.6537940000
2016-02-05,SWAPTION/RATE_LNVOL/GBP/30Y/10Y/ATM,0.5502250000
2016-02-05,SWAPTION/RATE_LNVOL/GBP/30Y/15Y/ATM,0.5064530000
2016-02-05,SWAPTION/RATE_LNVOL/GBP/30Y/1Y/ATM,0.6582500000
2016-02-05,SWAPTION/RATE_LNVOL/GBP/30Y/20Y/ATM,0.4494100000
2016-02-05,SWAPTION/RATE_LNVOL/GBP/30Y/25Y/ATM,0.4106950000
2016-02-05,SWAPTION/RATE_LNVOL/GBP/30Y/2Y/ATM,0.5965610000
2016-02-05,SWAPTION/RATE_LNVOL/GBP/30Y/30Y/ATM,0.3700330000
2016-02-05,SWAPTION/RATE_LNVOL/GBP/30Y/3Y/ATM,0.5861760000
2016-02-05,SWAPTION/RATE_LNVOL/GBP/30Y/4Y/ATM,0.5709530000
2016-02-05,SWAPTION/RATE_LNVOL/GBP/30Y/5Y/ATM,0.5530570000
2016-02-05,SWAPTION/RATE_LNVOL/GBP/30Y/7Y/ATM,0.5600160000
2016-02-05,SWAPTION/RATE_LNVOL/GBP/3M/10Y/ATM,0.6287060000
2016-02-05,SWAPTION/RATE_LNVOL/GBP/3M/15Y/ATM,0.5377380000
2016-02-05,SWAPTION/RATE_LNVOL/GBP/3M/1Y/ATM,0.5423680000
2016-02-05,SWAPTION/RATE_LNVOL/GBP/3M/20Y/ATM,0.5092580000
2016-02-05,SWAPTION/RATE_LNVOL/GBP/3M/25Y/ATM,0.5020870000
2016-02-05,SWAPTION/RATE_LNVOL/GBP/3M/2Y/ATM,0.7098270000
2016-02-05,SWAPTION/RATE_LNVOL/GBP/3M/30Y/ATM,0.5161520000
2016-02-05,SWAPTION/RATE_LNVOL/GBP/3M/3Y/ATM,0.8313950000
2016-02-05,SWAPTION/RATE_LNVOL/GBP/3M/4Y/ATM,0.8898150000
2016-02-05,SWAPTION/RATE_LNVOL/GBP/3M/5Y/ATM,0.8659150000
2016-02-05,SWAPTION/RATE_LNVOL/GBP/3M/7Y/ATM,0.7433010000
2016-02-05,SWAPTION/RATE_LNVOL/GBP/3Y/10Y/ATM,0.5342500000
2016-02-05,SWAPTION/RATE_LNVOL/GBP/3Y/15Y/ATM,0.4959860000
2016-02-05,SWAPTION/RATE_LNVOL/GBP/3Y/1Y/ATM,1.1890060000
2016-02-05,SWAPTION/RATE_LNVOL/GBP/3Y/20Y/ATM,0.4897460000
2016-02-05,SWAPTION/RATE_LNVOL/GBP/3Y/25Y/ATM,0.5066550000
2016-02-05,SWAPTION/RATE_LNVOL/GBP/3Y/2Y/ATM,0.8818130000
2016-02-05,SWAPTION/RATE_LNVOL/GBP/3Y/30Y/ATM,0.4919960000
2016-02-05,SWAPTION/RATE_LNVOL/GBP/3Y/3Y/ATM,0.7820460000
2016-02-05,SWAPTION/RATE_LNVOL/GBP/3Y/4Y/ATM,0.7116190000
2016-02-05,SWAPTION/RATE_LNVOL/GBP/3Y/5Y/ATM,0.6587610000
2016-02-05,SWAPTION/RATE_LNVOL/GBP/3Y/7Y/ATM,0.5839810000
2016-02-05,SWAPTION/RATE_LNVOL/GBP/4Y/10Y/ATM,0.4919030000
2016-02-05,SWAPTION/RATE_LNVOL/GBP/4Y/15Y/ATM,0.4683940000
2016-02-05,SWAPTION/RATE_LNVOL/GBP/4Y/1Y/ATM,0.9931050000
2016-02-05,SWAPTION/RATE_LNVOL/GBP/4Y/20Y/ATM,0.4676210000
2016-02-05,SWAPTION/RATE_LNVOL/GBP/4Y/25Y/ATM,0.4867900000
2016-02-05,SWAPTION/RATE_LNVOL/GBP/4Y/2Y/ATM,0.7353540000
2016-02-05,SWAPTION/RATE_LNVOL/GBP/4Y/30Y/ATM,0.4948800000
2016-02-05,SWAPTION/RATE_LNVOL/GBP/4Y/3Y/ATM,0.6619010000
2016-02-05,SWAPTION/RATE_LNVOL/GBP/4Y/4Y/ATM,0.6103990000
2016-02-05,SWAPTION/RATE_LNVOL/GBP/4Y/5Y/ATM,0.5725970000
2016-02-05,SWAPTION/RATE_LNVOL/GBP/4Y/7Y/ATM,0.5256970000
2016-02-05,SWAPTION/RATE_LNVOL/GBP/5Y/10Y/ATM,0.4579450000
2016-02-05,SWAPTION/RATE_LNVOL/GBP/5Y/15Y/ATM,0.4438750000
2016-02-05,SWAPTION/RATE_LNVOL/GBP/5Y/1Y/ATM,0.7833860000
2016-02-05,SWAPTION/RATE_LNVOL/GBP/5Y/20Y/ATM,0.4459200000
2016-02-05,SWAPTION/RATE_LNVOL/GBP/5Y/25Y/ATM,0.4679290000
2016-02-05,SWAPTION/RATE_LNVOL/GBP/5Y/2Y/ATM,0.6148370000
2016-02-05,SWAPTION/RATE_LNVOL/GBP/5Y/30Y/ATM,0.4778190000
2016-02-05,SWAPTION/RATE_LNVOL/GBP/5Y/3Y/ATM,0.5678010000
2016-02-05,SWAPTION/RATE_LNVOL/GBP/5Y/4Y/ATM,0.5346520000
2016-02-05,SWAPTION/RATE_LNVOL/GBP/5Y/5Y/ATM,0.5080530000
2016-02-05,SWAPTION/RATE_LNVOL/GBP/5Y/7Y/ATM,0.4808280000
2016-02-05,SWAPTION/RATE_LNVOL/GBP/6M/10Y/ATM,0.6573490000
2016-02-05,SWAPTION/RATE_LNVOL/GBP/6M/15Y/ATM,0.5640390000
2016-02-05,SWAPTION/RATE_LNVOL/GBP/6M/1Y/ATM,0.8443200000
2016-02-05,SWAPTION/RATE_LNVOL/GBP/6M/20Y/ATM,0.5356440000
2016-02-05,SWAPTION/RATE_LNVOL/GBP/6M/25Y/ATM,0.5279410000
2016-02-05,SWAPTION/RATE_LNVOL/GBP/6M/2Y/ATM,0.8644130000
2016-02-05,SWAPTION/RATE_LNVOL/GBP/6M/30Y/ATM,0.5452020000
2016-02-05,SWAPTION/RATE_LNVOL/GBP/6M/3Y/ATM,0.9288840000
2016-02-05,SWAPTION/RATE_LNVOL/GBP/6M/4Y/ATM,0.9237410000
2016-02-05,SWAPTION/RATE_LNVOL/GBP/6M/5Y/ATM,0.8897520000
2016-02-05,SWAPTION/RATE_LNVOL/GBP/6M/7Y/ATM,0.7650150000
2016-02-05,SWAPTION/RATE_LNVOL/GBP/7Y/10Y/ATM,0.4237290000
2016-02-05,SWAPTION/RATE_LNVOL/GBP/7Y/15Y/ATM,0.4206530000
2016-02-05,SWAPTION/RATE_LNVOL/GBP/7Y/1Y/ATM,0.5724440000
2016-02-05,SWAPTION/RATE_LNVOL/GBP/7Y/20Y/ATM,0.4224630000
2016-02-05,SWAPTION/RATE_LNVOL/GBP/7Y/25Y/ATM,0.4450100000
2016-02-05,SWAPTION/RATE_LNVOL/GBP/7Y/2Y/ATM,0.4932530000
2016-02-05,SWAPTION/RATE_LNVOL/GBP/7Y/30Y/ATM,0.4571810000
2016-02-05,SWAPTION/RATE_LNVOL/GBP/7Y/3Y/ATM,0.4722020000
2016-02-05,SWAPTION/RATE_LNVOL/GBP/7Y/4Y/ATM,0.4534760000
2016-02-05,SWAPTION/RATE_LNVOL/GBP/7Y/5Y/ATM,0.4386190000
2016-02-05,SWAPTION/RATE_LNVOL/GBP/7Y/7Y/ATM,0.4282410000
2016-02-05,SWAPTION/RATE_LNVOL/USD/10Y/10Y/ATM,0.3432640000
2016-02-05,SWAPTION/RATE_LNVOL/USD/10Y/15Y/ATM,0.3182630000
2016-02-05,SWAPTION/RATE_LNVOL/USD/10Y/1Y/ATM,0.3857300000
2016-02-05,SWAPTION/RATE_LNVOL/USD/10Y/20Y/ATM,0.3035470000
2016-02-05,SWAPTION/RATE_LNVOL/USD/10Y/25Y/ATM,0.3044060000
2016-02-05,SWAPTION/RATE_LNVOL/USD/10Y/2Y/ATM,0.3800440000
2016-02-05,SWAPTION/RATE_LNVOL/USD/10Y/30Y/ATM,0.3003220000
2016-02-05,SWAPTION/RATE_LNVOL/USD/10Y/3Y/ATM,0.3761550000
2016-02-05,SWAPTION/RATE_LNVOL/USD/10Y/4Y/ATM,0.3739900000
2016-02-05,SWAPTION/RATE_LNVOL/USD/10Y/5Y/ATM,0.3688860000
2016-02-05,SWAPTION/RATE_LNVOL/USD/10Y/7Y/ATM,0.3576380000
2016-02-05,SWAPTION/RATE_LNVOL/USD/15Y/10Y/ATM,0.3065090000
2016-02-05,SWAPTION/RATE_LNVOL/USD/15Y/15Y/ATM,0.2819800000
2016-02-05,SWAPTION/RATE_LNVOL/USD/15Y/1Y/ATM,0.3246700000
2016-02-05,SWAPTION/RATE_LNVOL/USD/15Y/20Y/ATM,0.2744530000
2016-02-05,SWAPTION/RATE_LNVOL/USD/15Y/25Y/ATM,0.2716440000
2016-02-05,SWAPTION/RATE_LNVOL/USD/15Y/2Y/ATM,0.3125140000
2016-02-05,SWAPTION/RATE_LNVOL/USD/15Y/30Y/ATM,0.2728410000
2016-02-05,SWAPTION/RATE_LNVOL/USD/15Y/3Y/ATM,0.3127970000
2016-02-05,SWAPTION/RATE_LNVOL/USD/15Y/4Y/ATM,0.3135070000
2016-02-05,SWAPTION/RATE_LNVOL/USD/15Y/5Y/ATM,0.3144680000
2016-02-05,SWAPTION/RATE_LNVOL/USD/15Y/7Y/ATM,0.3117550000
2016-02-05,SWAPTION/RATE_LNVOL/USD/1M/10Y/ATM,0.5429480000
2016-02-05,SWAPTION/RATE_LNVOL/USD/1M/15Y/ATM,0.4711170000
2016-02-05,SWAPTION/RATE_LNVOL/USD/1M/1Y/ATM,0.5280120000
2016-02-05,SWAPTION/RATE_LNVOL/USD/1M/20Y/ATM,0.4388790000
2016-02-05,SWAPTION/RATE_LNVOL/USD/1M/25Y/ATM,0.4276150000
2016-02-05,SWAPTION/RATE_LNVOL/USD/1M/2Y/ATM,0.7221850000
2016-02-05,SWAPTION/RATE_LNVOL/USD/1M/30Y/ATM,0.4188570000
2016-02-05,SWAPTION/RATE_LNVOL/USD/1M/3Y/ATM,0.7608530000
2016-02-05,SWAPTION/RATE_LNVOL/USD/1M/4Y/ATM,0.7669320000
2016-02-05,SWAPTION/RATE_LNVOL/USD/1M/5Y/ATM,0.7386730000
2016-02-05,SWAPTION/RATE_LNVOL/USD/1M/7Y/ATM,0.6295720000
2016-02-05,SWAPTION/RATE_LNVOL/USD/1Y/10Y/ATM,0.5223810000
2016-02-05,SWAPTION/RATE_LNVOL/USD/1Y/15Y/ATM,0.4568720000
2016-02-05,SWAPTION/RATE_LNVOL/USD/1Y/1Y/ATM,0.7424970000
2016-02-05,SWAPTION/RATE_LNVOL/USD/1Y/20Y/ATM,0.4274770000
2016-02-05,SWAPTION/RATE_LNVOL/USD/1Y/25Y/ATM,0.4151300000
2016-02-05,SWAPTION/RATE_LNVOL/USD/1Y/2Y/ATM,0.7505880000
2016-02-05,SWAPTION/RATE_LNVOL/USD/1Y/30Y/ATM,0.4075240000
2016-02-05,SWAPTION/RATE_LNVOL/USD/1Y/3Y/ATM,0.7413670000
2016-02-05,SWAPTION/RATE_LNVOL/USD/1Y/4Y/ATM,0.6909260000
2016-02-05,SWAPTION/RATE_LNVOL/USD/1Y/5Y/ATM,0.6658920000
2016-02-05,SWAPTION/RATE_LNVOL/USD/1Y/7Y/ATM,0.5884020000
2016-02-05,SWAPTION/RATE_LNVOL/USD/20Y/10Y/ATM,0.2801310000
2016-02-05,SWAPTION/RATE_LNVOL/USD/20Y/15Y/ATM,0.2651590000
2016-02-05,SWAPTION/RATE_LNVOL/USD/20Y/1Y/ATM,0.2963860000
2016-02-05,SWAPTION/RATE_LNVOL/USD/20Y/20Y/ATM,0.2567170000
2016-02-05,SWAPTION/RATE_LNVOL/USD/20Y/25Y/ATM,0.2595640000
2016-02-05,SWAPTION/RATE_LNVOL/USD/20Y/2Y/ATM,0.2967350000
2016-02-05,SWAPTION/RATE_LNVOL/USD/20Y/30Y/ATM,0.2604090000
2016-02-05,SWAPTION/RATE_LNVOL/USD/20Y/3Y/ATM,0.2937760000
2016-02-05,SWAPTION/RATE_LNVOL/USD/20Y/4Y/ATM,0.2915070000
2016-02-05,SWAPTION/RATE_LNVOL/USD/20Y/5Y/ATM,0.2893190000
2016-02-05,SWAPTION/RATE_LNVOL/USD/20Y/7Y/ATM,0.2852540000
2016-02-05,SWAPTION/RATE_LNVOL/USD/25Y/10Y/ATM,0.2793220000
2016-02-05,SWAPTION/RATE_LNVOL/USD/25Y/15Y/ATM,0.2625870000
2016-02-05,SWAPTION/RATE_LNVOL/USD/25Y/1Y/ATM,0.2775310000
2016-02-05,SWAPTION/RATE_LNVOL/USD/25Y/20Y/ATM,0.2596960000
2016-02-05,SWAPTION/RATE_LNVOL/USD/25Y/25Y/ATM,0.2627620000
2016-02-05,SWAPTION/RATE_LNVOL/USD/25Y/2Y/ATM,0.2760830000
2016-02-05,SWAPTION/RATE_LNVOL/USD/25Y/30Y/ATM,0.2634530000
2016-02-05,SWAPTION/RATE_LNVOL/USD/25Y/3Y/ATM,0.2755060000
2016-02-05,SWAPTION/RATE_LNVOL/USD/25Y/4Y/ATM,0.2736490000
2016-02-05,SWAPTION/RATE_LNVOL/USD/25Y/5Y/ATM,0.2721820000
2016-02-05,SWAPTION/RATE_LNVOL/USD/25Y/7Y/ATM,0.2784090000
2016-02-05,SWAPTION/RATE_LNVOL/USD/2Y/10Y/ATM,0.4859220000
2016-02-05,SWAPTION/RATE_LNVOL/USD/2Y/15Y/ATM,0.4331440000
2016-02-05,SWAPTION/RATE_LNVOL/USD/2Y/1Y/ATM,0.7800750000
2016-02-05,SWAPTION/RATE_LNVOL/USD/2Y/20Y/ATM,0.4041860000
2016-02-05,SWAPTION/RATE_LNVOL/USD/2Y/25Y/ATM,0.3953980000
2016-02-05,SWAPTION/RATE_LNVOL/USD/2Y/2Y/ATM,0.7257010000
2016-02-05,SWAPTION/RATE_LNVOL/USD/2Y/30Y/ATM,0.3875530000
2016-02-05,SWAPTION/RATE_LNVOL/USD/2Y/3Y/ATM,0.6598080000
2016-02-05,SWAPTION/RATE_LNVOL/USD/2Y/4Y/ATM,0.6266290000
2016-02-05,SWAPTION/RATE_LNVOL/USD/2Y/5Y/ATM,0.5944120000
2016-02-05,SWAPTION/RATE_LNVOL/USD/2Y/7Y/ATM,0.5368100000
2016-02-05,SWAPTION/RATE_LNVOL/USD/30Y/10Y/ATM,0.2796840000
2016-02-05,SWAPTION/RATE_LNVOL/USD/30Y/15Y/ATM,0.2733960000
2016-02-05,SWAPTION/RATE_LNVOL/USD/30Y/1Y/ATM,0.2894540000
2016-02-05,SWAPTION/RATE_LNVOL/USD/30Y/20Y/ATM,0.2707570000
2016-02-05,SWAPTION/RATE_LNVOL/USD/30Y/25Y/ATM,0.2717330000
2016-02-05,SWAPTION/RATE_LNVOL/USD/30Y/2Y/ATM,0.2826040000
2016-02-05,SWAPTION/RATE_LNVOL/USD/30Y/30Y/ATM,0.2718000000
2016-02-05,SWAPTION/RATE_LNVOL/USD/30Y/3Y/ATM,0.2830920000
2016-02-05,SWAPTION/RATE_LNVOL/USD/30Y/4Y/ATM,0.2821710000
2016-02-05,SWAPTION/RATE_LNVOL/USD/30Y/5Y/ATM,0.2821470000
2016-02-05,SWAPTION/RATE_LNVOL/USD/30Y/7Y/ATM,0.2808210000
2016-02-05,SWAPTION/RATE_LNVOL/USD/3M/10Y/ATM,0.5482360000
2016-02-05,SWAPTION/RATE_LNVOL/USD/3M/15Y/ATM,0.4783720000
2016-02-05,SWAPTION/RATE_LNVOL/USD/3M/1Y/ATM,0.6351730000
2016-02-05,SWAPTION/RATE_LNVOL/USD/3M/20Y/ATM,0.4445120000
2016-02-05,SWAPTION/RATE_LNVOL/USD/3M/25Y/ATM,0.4333910000
2016-02-05,SWAPTION/RATE_LNVOL/USD/3M/2Y/ATM,0.7528890000
2016-02-05,SWAPTION/RATE_LNVOL/USD/3M/30Y/ATM,0.4253200000
2016-02-05,SWAPTION/RATE_LNVOL/USD/3M/3Y/ATM,0.7701130000
2016-02-05,SWAPTION/RATE_LNVOL/USD/3M/4Y/ATM,0.7558290000
2016-02-05,SWAPTION/RATE_LNVOL/USD/3M/5Y/ATM,0.7196290000
2016-02-05,SWAPTION/RATE_LNVOL/USD/3M/7Y/ATM,0.6289080000
2016-02-05,SWAPTION/RATE_LNVOL/USD/3Y/10Y/ATM,0.4518280000
2016-02-05,SWAPTION/RATE_LNVOL/USD/3Y/15Y/ATM,0.4053470000
2016-02-05,SWAPTION/RATE_LNVOL/USD/3Y/1Y/ATM,0.7318080000
2016-02-05,SWAPTION/RATE_LNVOL/USD/3Y/20Y/ATM,0.3830580000
2016-02-05,SWAPTION/RATE_LNVOL/USD/3Y/25Y/ATM,0.3721940000
2016-02-05,SWAPTION/RATE_LNVOL/USD/3Y/2Y/ATM,0.6439340000
2016-02-05,SWAPTION/RATE_LNVOL/USD/3Y/30Y/ATM,0.3673580000
2016-02-05,SWAPTION/RATE_LNVOL/USD/3Y/3Y/ATM,0.5986260000
2016-02-05,SWAPTION/RATE_LNVOL/USD/3Y/4Y/ATM,0.5629620000
2016-02-05,SWAPTION/RATE_LNVOL/USD/3Y/5Y/ATM,0.5351640000
2016-02-05,SWAPTION/RATE_LNVOL/USD/3Y/7Y/ATM,0.4960160000
2016-02-05,SWAPTION/RATE_LNVOL/USD/4Y/10Y/ATM,0.4286220000
2016-02-05,SWAPTION/RATE_LNVOL/USD/4Y/15Y/ATM,0.3839140000
2016-02-05,SWAPTION/RATE_LNVOL/USD/4Y/1Y/ATM,0.6068150000
2016-02-05,SWAPTION/RATE_LNVOL/USD/4Y/20Y/ATM,0.3631940000
2016-02-05,SWAPTION/RATE_LNVOL/USD/4Y/25Y/ATM,0.3551650000
2016-02-05,SWAPTION/RATE_LNVOL/USD/4Y/2Y/ATM,0.5789140000
2016-02-05,SWAPTION/RATE_LNVOL/USD/4Y/30Y/ATM,0.3507700000
2016-02-05,SWAPTION/RATE_LNVOL/USD/4Y/3Y/ATM,0.5459640000
2016-02-05,SWAPTION/RATE_LNVOL/USD/4Y/4Y/ATM,0.5223940000
2016-02-05,SWAPTION/RATE_LNVOL/USD/4Y/5Y/ATM,0.4969400000
2016-02-05,SWAPTION/RATE_LNVOL/USD/4Y/7Y/ATM,0.4609460000
2016-02-05,SWAPTION/RATE_LNVOL/USD/5Y/10Y/ATM,0.4132090000
2016-02-05,SWAPTION/RATE_LNVOL/USD/5Y/15Y/ATM,0.3705370000
2016-02-05,SWAPTION/RATE_LNVOL/USD/5Y/1Y/ATM,0.5627410000
2016-02-05,SWAPTION/RATE_LNVOL/USD/5Y/20Y/ATM,0.3509170000
2016-02-05,SWAPTION/RATE_LNVOL/USD/5Y/25Y/ATM,0.3438850000
2016-02-05,SWAPTION/RATE_LNVOL/USD/5Y/2Y/ATM,0.5280930000
2016-02-05,SWAPTION/RATE_LNVOL/USD/5Y/30Y/ATM,0.3397020000
2016-02-05,SWAPTION/RATE_LNVOL/USD/5Y/3Y/ATM,0.5048080000
2016-02-05,SWAPTION/RATE_LNVOL/USD/5Y/4Y/ATM,0.4837010000
2016-02-05,SWAPTION/RATE_LNVOL/USD/5Y/5Y/ATM,0.4669310000
2016-02-05,SWAPTION/RATE_LNVOL/USD/5Y/7Y/ATM,0.4378090000
2016-02-05,SWAPTION/RATE_LNVOL/USD/6M/10Y/ATM,0.5419130000
2016-02-05,SWAPTION/RATE_LNVOL/USD/6M/15Y/ATM,0.4752960000
2016-02-05,SWAPTION/RATE_LNVOL/USD/6M/1Y/ATM,0.6668170000
2016-02-05,SWAPTION/RATE_LNVOL/USD/6M/20Y/ATM,0.4424550000
2016-02-05,SWAPTION/RATE_LNVOL/USD/6M/25Y/ATM,0.4311350000
2016-02-05,SWAPTION/RATE_LNVOL/USD/6M/2Y/ATM,0.7514270000
2016-02-05,SWAPTION/RATE_LNVOL/USD/6M/30Y/ATM,0.4222410000
2016-02-05,SWAPTION/RATE_LNVOL/USD/6M/3Y/ATM,0.7644930000
2016-02-05,SWAPTION/RATE_LNVOL/USD/6M/4Y/ATM,0.7405910000
2016-02-05,SWAPTION/RATE_LNVOL/USD/6M/5Y/ATM,0.7094720000
2016-02-05,SWAPTION/RATE_LNVOL/USD/6M/7Y/ATM,0.6195670000
2016-02-05,SWAPTION/RATE_LNVOL/USD/7Y/10Y/ATM,0.3785160000
2016-02-05,SWAPTION/RATE_LNVOL/USD/7Y/15Y/ATM,0.3454990000
2016-02-05,SWAPTION/RATE_LNVOL/USD/7Y/1Y/ATM,0.4755930000
2016-02-05,SWAPTION/RATE_LNVOL/USD/7Y/20Y/ATM,0.3308220000
2016-02-05,SWAPTION/RATE_LNVOL/USD/7Y/25Y/ATM,0.3269270000
2016-02-05,SWAPTION/RATE_LNVOL/USD/7Y/2Y/ATM,0.4553300000
2016-02-05,SWAPTION/RATE_LNVOL/USD/7Y/30Y/ATM,0.3224720000
2016-02-05,SWAPTION/RATE_LNVOL/USD/7Y/3Y/ATM,0.4431130000
2016-02-05,SWAPTION/RATE_LNVOL/USD/7Y/4Y/ATM,0.4306060000
2016-02-05,SWAPTION/RATE_LNVOL/USD/7Y/5Y/ATM,0.4197190000
2016-02-05,SWAPTION/RATE_LNVOL/USD/7Y/7Y/ATM,0.4023300000
2016-02-05,SWAPTION/RATE_NVOL/EUR/10Y/10Y/ATM,0.0076110000
2016-02-05,SWAPTION/RATE_NVOL/EUR/10Y/15Y/ATM,0.0071160000
2016-02-05,SWAPTION/RATE_NVOL/EUR/10Y/1Y/ATM,0.0076680000
2016-02-05,SWAPTION/RATE_NVOL/EUR/10Y/20Y/ATM,0.0068480000
2016-02-05,SWAPTION/RATE_NVOL/EUR/10Y/25Y/ATM,0.0067210000
2016-02-05,SWAPTION/RATE_NVOL/EUR/10Y/2Y/ATM,0.0076420000
2016-02-05,SWAPTION/RATE_NVOL/EUR/10Y/30Y/ATM,0.0066320000
2016-02-05,SWAPTION/RATE_NVOL/EUR/10Y/3Y/ATM,0.0076370000
2016-02-05,SWAPTION/RATE_NVOL/EUR/10Y/4Y/ATM,0.0078820000
2016-02-05,SWAPTION/RATE_NVOL/EUR/10Y/5Y/ATM,0.0077050000
2016-02-05,SWAPTION/RATE_NVOL/EUR/10Y/7Y/ATM,0.0078690000
2016-02-05,SWAPTION/RATE_NVOL/EUR/15Y/10Y/ATM,0.0071990000
2016-02-05,SWAPTION/RATE_NVOL/EUR/15Y/15Y/ATM,0.0068330000
2016-02-05,SWAPTION/RATE_NVOL/EUR/15Y/1Y/ATM,0.0074920000
2016-02-05,SWAPTION/RATE_NVOL/EUR/15Y/20Y/ATM,0.0064420000
2016-02-05,SWAPTION/RATE_NVOL/EUR/15Y/25Y/ATM,0.0062990000
2016-02-05,SWAPTION/RATE_NVOL/EUR/15Y/2Y/ATM,0.0076360000
2016-02-05,SWAPTION/RATE_NVOL/EUR/15Y/30Y/ATM,0.0061940000
2016-02-05,SWAPTION/RATE_NVOL/EUR/15Y/3Y/ATM,0.0076570000
2016-02-05,SWAPTION/RATE_NVOL/EUR/15Y/4Y/ATM,0.0076470000
2016-02-05,SWAPTION/RATE_NVOL/EUR/15Y/5Y/ATM,0.0073940000
2016-02-05,SWAPTION/RATE_NVOL/EUR/15Y/7Y/ATM,0.0075590000
2016-02-05,SWAPTION/RATE_NVOL/EUR/1M/10Y/ATM,0.0066290000
2016-02-05,SWAPTION/RATE_NVOL/EUR/1M/15Y/ATM,0.0075620000
2016-02-05,SWAPTION/RATE_NVOL/EUR/1M/1Y/ATM,0.0040130000
2016-02-05,SWAPTION/RATE_NVOL/EUR/1M/20Y/ATM,0.0081340000
2016-02-05,SWAPTION/RATE_NVOL/EUR/1M/25Y/ATM,0.0082910000
2016-02-05,SWAPTION/RATE_NVOL/EUR/1M/2Y/ATM,0.0042260000
2016-02-05,SWAPTION/RATE_NVOL/EUR/1M/30Y/ATM,0.0084900000
2016-02-05,SWAPTION/RATE_NVOL/EUR/1M/3Y/ATM,0.0044720000
2016-02-05,SWAPTION/RATE_NVOL/EUR/1M/4Y/ATM,0.0047590000
2016-02-05,SWAPTION/RATE_NVOL/EUR/1M/5Y/ATM,0.0050660000
2016-02-05,SWAPTION/RATE_NVOL/EUR/1M/7Y/ATM,0.0058040000
2016-02-05,SWAPTION/RATE_NVOL/EUR/1Y/10Y/ATM,0.0069780000
2016-02-05,SWAPTION/RATE_NVOL/EUR/1Y/15Y/ATM,0.0075570000
2016-02-05,SWAPTION/RATE_NVOL/EUR/1Y/1Y/ATM,0.0035430000
2016-02-05,SWAPTION/RATE_NVOL/EUR/1Y/20Y/ATM,0.0079180000
2016-02-05,SWAPTION/RATE_NVOL/EUR/1Y/25Y/ATM,0.0079300000
2016-02-05,SWAPTION/RATE_NVOL/EUR/1Y/2Y/ATM,0.0038890000
2016-02-05,SWAPTION/RATE_NVOL/EUR/1Y/30Y/ATM,0.0079970000
2016-02-05,SWAPTION/RATE_NVOL/EUR/1Y/3Y/ATM,0.0043160000
2016-02-05,SWAPTION/RATE_NVOL/EUR/1Y/4Y/ATM,0.0048020000
2016-02-05,SWAPTION/RATE_NVOL/EUR/1Y/5Y/ATM,0.0052700000
2016-02-05,SWAPTION/RATE_NVOL/EUR/1Y/7Y/ATM,0.0061230000
2016-02-05,SWAPTION/RATE_NVOL/EUR/20Y/10Y/ATM,0.0069640000
2016-02-05,SWAPTION/RATE_NVOL/EUR/20Y/15Y/ATM,0.0064190000
2016-02-05,SWAPTION/RATE_NVOL/EUR/20Y/1Y/ATM,0.0071980000
2016-02-05,SWAPTION/RATE_NVOL/EUR/20Y/20Y/ATM,0.0059940000
2016-02-05,SWAPTION/RATE_NVOL/EUR/20Y/25Y/ATM,0.0058510000
2016-02-05,SWAPTION/RATE_NVOL/EUR/20Y/2Y/ATM,0.0073640000
2016-02-05,SWAPTION/RATE_NVOL/EUR/20Y/30Y/ATM,0.0057260000
2016-02-05,SWAPTION/RATE_NVOL/EUR/20Y/3Y/ATM,0.0073640000
2016-02-05,SWAPTION/RATE_NVOL/EUR/20Y/4Y/ATM,0.0072940000
2016-02-05,SWAPTION/RATE_NVOL/EUR/20Y/5Y/ATM,0.0072160000
2016-02-05,SWAPTION/RATE_NVOL/EUR/20Y/7Y/ATM,0.0071410000
2016-02-05,SWAPTION/RATE_NVOL/EUR/25Y/10Y/ATM,0.0064620000
2016-02-05,SWAPTION/RATE_NVOL/EUR/25Y/15Y/ATM,0.0059460000
2016-02-05,SWAPTION/RATE_NVOL/EUR/25Y/1Y/ATM,0.0068450000
2016-02-05,SWAPTION/RATE_NVOL/EUR/25Y/20Y/ATM,0.0055740000
2016-02-05,SWAPTION/RATE_NVOL/EUR/25Y/25Y/ATM,0.0054700000
2016-02-05,SWAPTION/RATE_NVOL/EUR/25Y/2Y/ATM,0.0069640000
2016-02-05,SWAPTION/RATE_NVOL/EUR/25Y/30Y/ATM,0.0053740000
2016-02-05,SWAPTION/RATE_NVOL/EUR/25Y/3Y/ATM,0.0069240000
2016-02-05,SWAPTION/RATE_NVOL/EUR/25Y/4Y/ATM,0.0068340000
2016-02-05,SWAPTION/RATE_NVOL/EUR/25Y/5Y/ATM,0.0067350000
2016-02-05,SWAPTION/RATE_NVOL/EUR/25Y/7Y/ATM,0.0066190000
2016-02-05,SWAPTION/RATE_NVOL/EUR/2Y/10Y/ATM,0.0072730000
2016-02-05,SWAPTION/RATE_NVOL/EUR/2Y/15Y/ATM,0.0075080000
2016-02-05,SWAPTION/RATE_NVOL/EUR/2Y/1Y/ATM,0.0047320000
2016-02-05,SWAPTION/RATE_NVOL/EUR/2Y/20Y/ATM,0.0077520000
2016-02-05,SWAPTION/RATE_NVOL/EUR/2Y/25Y/ATM,0.0077870000
2016-02-05,SWAPTION/RATE_NVOL/EUR/2Y/2Y/ATM,0.0049800000
2016-02-05,SWAPTION/RATE_NVOL/EUR/2Y/30Y/ATM,0.0078290000
2016-02-05,SWAPTION/RATE_NVOL/EUR/2Y/3Y/ATM,0.0052790000
2016-02-05,SWAPTION/RATE_NVOL/EUR/2Y/4Y/ATM,0.0056290000
2016-02-05,SWAPTION/RATE_NVOL/EUR/2Y/5Y/ATM,0.0059570000
2016-02-05,SWAPTION/RATE_NVOL/EUR/2Y/7Y/ATM,0.0065630000
2016-02-05,SWAPTION/RATE_NVOL/EUR/30Y/10Y/ATM,0.0060000000
2016-02-05,SWAPTION/RATE_NVOL/EUR/30Y/15Y/ATM,0.0055400000
2016-02-05,SWAPTION/RATE_NVOL/EUR/30Y/1Y/ATM,0.0064750000
2016-02-05,SWAPTION/RATE_NVOL/EUR/30Y/20Y/ATM,0.0051960000
2016-02-05,SWAPTION/RATE_NVOL/EUR/30Y/25Y/ATM,0.0051060000
2016-02-05,SWAPTION/RATE_NVOL/EUR/30Y/2Y/ATM,0.0066030000
2016-02-05,SWAPTION/RATE_NVOL/EUR/30Y/30Y/ATM,0.0050420000
2016-02-05,SWAPTION/RATE_NVOL/EUR/30Y/3Y/ATM,0.0065530000
2016-02-05,SWAPTION/RATE_NVOL/EUR/30Y/4Y/ATM,0.0064240000
2016-02-05,SWAPTION/RATE_NVOL/EUR/30Y/5Y/ATM,0.0062940000
2016-02-05,SWAPTION/RATE_NVOL/EUR/30Y/7Y/ATM,0.0061550000
2016-02-05,SWAPTION/RATE_NVOL/EUR/3M/10Y/ATM,0.0066720000
2016-02-05,SWAPTION/RATE_NVOL/EUR/3M/15Y/ATM,0.0075090000
2016-02-05,SWAPTION/RATE_NVOL/EUR/3M/1Y/ATM,0.0033400000
2016-02-05,SWAPTION/RATE_NVOL/EUR/3M/20Y/ATM,0.0080160000
2016-02-05,SWAPTION/RATE_NVOL/EUR/3M/25Y/ATM,0.0081450000
2016-02-05,SWAPTION/RATE_NVOL/EUR/3M/2Y/ATM,0.0035200000
2016-02-05,SWAPTION/RATE_NVOL/EUR/3M/30Y/ATM,0.0083050000
2016-02-05,SWAPTION/RATE_NVOL/EUR/3M/3Y/ATM,0.0039090000
2016-02-05,SWAPTION/RATE_NVOL/EUR/3M/4Y/ATM,0.0044250000
2016-02-05,SWAPTION/RATE_NVOL/EUR/3M/5Y/ATM,0.0049730000
2016-02-05,SWAPTION/RATE_NVOL/EUR/3M/7Y/ATM,0.0058140000
2016-02-05,SWAPTION/RATE_NVOL/EUR/3Y/10Y/ATM,0.0075390000
2016-02-05,SWAPTION/RATE_NVOL/EUR/3Y/15Y/ATM,0.0076630000
2016-02-05,SWAPTION/RATE_NVOL/EUR/3Y/1Y/ATM,0.0058600000
2016-02-05,SWAPTION/RATE_NVOL/EUR/3Y/20Y/ATM,0.0076570000
2016-02-05,SWAPTION/RATE_NVOL/EUR/3Y/25Y/ATM,0.0076720000
2016-02-05,SWAPTION/RATE_NVOL/EUR/3Y/2Y/ATM,0.0060180000
2016-02-05,SWAPTION/RATE_NVOL/EUR/3Y/30Y/ATM,0.0076950000
2016-02-05,SWAPTION/RATE_NVOL/EUR/3Y/3Y/ATM,0.0062180000
2016-02-05,SWAPTION/RATE_NVOL/EUR/3Y/4Y/ATM,0.0064200000
2016-02-05,SWAPTION/RATE_NVOL/EUR/3Y/5Y/ATM,0.0066460000
2016-02-05,SWAPTION/RATE_NVOL/EUR/3Y/7Y/ATM,0.0070660000
2016-02-05,SWAPTION/RATE_NVOL/EUR/4Y/10Y/ATM,0.0077300000
2016-02-05,SWAPTION/RATE_NVOL/EUR/4Y/15Y/ATM,0.0075730000
2016-02-05,SWAPTION/RATE_NVOL/EUR/4Y/1Y/ATM,0.0065390000
2016-02-05,SWAPTION/RATE_NVOL/EUR/4Y/20Y/ATM,0.0074890000
2016-02-05,SWAPTION/RATE_NVOL/EUR/4Y/25Y/ATM,0.0074470000
2016-02-05,SWAPTION/RATE_NVOL/EUR/4Y/2Y/ATM,0.0066910000
2016-02-05,SWAPTION/RATE_NVOL/EUR/4Y/30Y/ATM,0.0074410000
2016-02-05,SWAPTION/RATE_NVOL/EUR/4Y/3Y/ATM,0.0067840000
2016-02-05,SWAPTION/RATE_NVOL/EUR/4Y/4Y/ATM,0.0069670000
2016-02-05,SWAPTION/RATE_NVOL/EUR/4Y/5Y/ATM,0.0071120000
2016-02-05,SWAPTION/RATE_NVOL/EUR/4Y/7Y/ATM,0.0073940000
2016-02-05,SWAPTION/RATE_NVOL/EUR/5Y/10Y/ATM,0.0078200000
2016-02-05,SWAPTION/RATE_NVOL/EUR/5Y/15Y/ATM,0.0075050000
2016-02-05,SWAPTION/RATE_NVOL/EUR/5Y/1Y/ATM,0.0070130000
2016-02-05,SWAPTION/RATE_NVOL/EUR/5Y/20Y/ATM,0.0073630000
2016-02-05,SWAPTION/RATE_NVOL/EUR/5Y/25Y/ATM,0.0072640000
2016-02-05,SWAPTION/RATE_NVOL/EUR/5Y/2Y/ATM,0.0071170000
2016-02-05,SWAPTION/RATE_NVOL/EUR/5Y/30Y/ATM,0.0072510000
2016-02-05,SWAPTION/RATE_NVOL/EUR/5Y/3Y/ATM,0.0071940000
2016-02-05,SWAPTION/RATE_NVOL/EUR/5Y/4Y/ATM,0.0073000000
2016-02-05,SWAPTION/RATE_NVOL/EUR/5Y/5Y/ATM,0.0074430000
2016-02-05,SWAPTION/RATE_NVOL/EUR/5Y/7Y/ATM,0.0076480000
2016-02-05,SWAPTION/RATE_NVOL/EUR/6M/10Y/ATM,0.0067980000
2016-02-05,SWAPTION/RATE_NVOL/EUR/6M/15Y/ATM,0.0075480000
2016-02-05,SWAPTION/RATE_NVOL/EUR/6M/1Y/ATM,0.0033430000
2016-02-05,SWAPTION/RATE_NVOL/EUR/6M/20Y/ATM,0.0079840000
2016-02-05,SWAPTION/RATE_NVOL/EUR/6M/25Y/ATM,0.0080830000
2016-02-05,SWAPTION/RATE_NVOL/EUR/6M/2Y/ATM,0.0035980000
2016-02-05,SWAPTION/RATE_NVOL/EUR/6M/30Y/ATM,0.0081910000
2016-02-05,SWAPTION/RATE_NVOL/EUR/6M/3Y/ATM,0.0040050000
2016-02-05,SWAPTION/RATE_NVOL/EUR/6M/4Y/ATM,0.0044970000
2016-02-05,SWAPTION/RATE_NVOL/EUR/6M/5Y/ATM,0.0050240000
2016-02-05,SWAPTION/RATE_NVOL/EUR/6M/7Y/ATM,0.0059480000
2016-02-05,SWAPTION/RATE_NVOL/EUR/7Y/10Y/ATM,0.0076980000
2016-02-05,SWAPTION/RATE_NVOL/EUR/7Y/15Y/ATM,0.0073920000
2016-02-05,SWAPTION/RATE_NVOL/EUR/7Y/1Y/ATM,0.0075190000
2016-02-05,SWAPTION/RATE_NVOL/EUR/7Y/20Y/ATM,0.0071170000
2016-02-05,SWAPTION/RATE_NVOL/EUR/7Y/25Y/ATM,0.0070150000
2016-02-05,SWAPTION/RATE_NVOL/EUR/7Y/2Y/ATM,0.0075730000
2016-02-05,SWAPTION/RATE_NVOL/EUR/7Y/30Y/ATM,0.0069500000
2016-02-05,SWAPTION/RATE_NVOL/EUR/7Y/3Y/ATM,0.0076120000
2016-02-05,SWAPTION/RATE_NVOL/EUR/7Y/4Y/ATM,0.0077350000
2016-02-05,SWAPTION/RATE_NVOL/EUR/7Y/5Y/ATM,0.0078070000
2016-02-05,SWAPTION/RATE_NVOL/EUR/7Y/7Y/ATM,0.0078830000
2016-02-05,ZERO/RATE/EUR/BOND_YIELD_EUR/A365/10Y,0.0300000000
2016-02-05,ZERO/RATE/EUR/BOND_YIELD_EUR/A365/5Y,0.0300000000
2016-02-05,ZERO/YIELD_SPREAD/EUR/BANK_EUR_BORROW/A365/10Y,-0.0010000000
2016-02-05,ZERO/YIELD_SPREAD/EUR/BANK_EUR_BORROW/A365/20Y,-0.0010000000
2016-02-05,ZERO/YIELD_SPREAD/EUR/BANK_EUR_BORROW/A365/2Y,-0.0010000000
2016-02-05,ZERO/YIELD_SPREAD/EUR/BANK_EUR_BORROW/A365/5Y,-0.0010000000
2016-02-05,ZERO/YIELD_SPREAD/EUR/BANK_EUR_LEND/A365/10Y,0.0050000000
2016-02-05,ZERO/YIELD_SPREAD/EUR/BANK_EUR_LEND/A365/20Y,0.0050000000
2016-02-05,ZERO/YIELD_SPREAD/EUR/BANK_EUR_LEND/A365/2Y,0.0050000000
2016-02-05,ZERO/YIELD_SPREAD/EUR/BANK_EUR_LEND/A365/5Y,0.0050000000
2016-02-05,ZERO/YIELD_SPREAD/EUR/BENCHMARK_EUR/A365/10Y,-0.0050000000
2016-02-05,ZERO/YIELD_SPREAD/EUR/BENCHMARK_EUR/A365/5Y,-0.0050000000
